{
  "author": {
    "email": "heyu12366@outlook.com",
    "github": "heyu1145",
    "name": "heyu1145",
    "url": ""
  },
  "changelogs": "changelogs.md",
  "description": "Smart Multi-language Error Checker - Supports JavaScript, TypeScript, Python, HTML, CSS, JSON and more languages with real-time error detection and code quality checking",
  "files": [
    "main.js",
    "apis/ESLintAPI.js",
    "apis/TypeScriptAPI.js",
    "apis/PythonAPI.js",
    "core/APIManager.js",
    "core/ErrorChecker.js",
    "core/LocalLinter.js",
    "ui/OfficialSettings.js",
    "ui/SettingsPanel.js",
    "ui/StatusBar.js",
    "ui/Annotations.js",
    "utils/ConfigManager.js",
    "utils/ErrorFilter.js",
    "utils/FileTypeDetector.js",
    "utils/DebugCLI.js",
    "changelogs.md"
  ],
  "icon": "icon.png",
  "id": "com.smarterrorchecker.smarterrorchecker",
  "keywords": [
    "Error Checker",
    "Code Checker",
    "Syntax Checker",
    "Linter",
    "Code Quality",
    "Real-time Checking",
    "Multi-language Support",
    "JavaScript",
    "TypeScript",
    "Python",
    "HTML",
    "CSS",
    "JSON"
  ],
  "license": "MIT",
  "main": "main.js",
  "minVersionCode": 290,
  "name": "SmartErrorChecker",
  "price": 0,
  "readme": "readme.md",
  "repository": "https://github.com/heyu1145/SmartErrorChecker",
  "template": "default",
  "version": "1.0.0",
  "versionCode": 2,
  "features": [
    "Real-time code error checking",
    "Multi-language support",
    "API and local dual checking",
    "Configurable checking rules",
    "Official settings interface",
    "Status bar display",
    "Code annotations and markers"
  ],
  "permissions": [
    "storage",
    "internet"
  ],
  "supportedLanguages": [
    "javascript",
    "typescript",
    "python",
    "html",
    "css",
    "json"
  ]
}